,pclass,survived,sex,age,sibsp,parch,fare,embarked
0,1,1,0,29.0,0,0,211.3375,1
1,1,1,1,0.9167,1,2,151.55,1
2,1,0,0,2.0,1,2,151.55,1
3,1,0,1,30.0,1,2,151.55,1
4,1,0,0,25.0,1,2,151.55,1
5,1,1,1,48.0,0,0,26.55,1
6,1,1,0,63.0,1,0,77.9583,1
7,1,0,1,39.0,0,0,0.0,1
8,1,1,0,53.0,2,0,51.4792,1
9,1,0,1,71.0,0,0,49.5042,0
10,1,0,1,47.0,1,0,227.525,0
11,1,1,0,18.0,1,0,227.525,0
12,1,1,0,24.0,0,0,69.3,0
13,1,1,0,26.0,0,0,78.85,1
14,1,1,1,80.0,0,0,30.0,1
15,1,0,1,29.8811345124,0,0,25.925,1
16,1,0,1,24.0,0,1,247.5208,0
17,1,1,0,50.0,0,1,247.5208,0
18,1,1,0,32.0,0,0,76.2917,0
19,1,0,1,36.0,0,0,75.2417,0
20,1,1,1,37.0,1,1,52.5542,1
21,1,1,0,47.0,1,1,52.5542,1
22,1,1,1,26.0,0,0,30.0,0
23,1,1,0,42.0,0,0,227.525,0
24,1,1,0,29.0,0,0,221.7792,1
25,1,0,1,25.0,0,0,26.0,0
26,1,1,1,25.0,1,0,91.0792,0
27,1,1,0,19.0,1,0,91.0792,0
28,1,1,0,35.0,0,0,135.6333,1
29,1,1,1,28.0,0,0,26.55,1
30,1,0,1,45.0,0,0,35.5,1
31,1,1,1,40.0,0,0,31.0,0
32,1,1,0,30.0,0,0,164.8667,1
33,1,1,0,58.0,0,0,26.55,1
34,1,0,1,42.0,0,0,26.55,1
35,1,1,0,45.0,0,0,262.375,0
36,1,1,0,22.0,0,1,55.0,1
37,1,1,1,29.8811345124,0,0,26.55,1
38,1,0,1,41.0,0,0,30.5,1
39,1,0,1,48.0,0,0,50.4958,0
40,1,0,1,29.8811345124,0,0,39.6,0
41,1,1,0,44.0,0,0,27.7208,0
42,1,1,0,59.0,2,0,51.4792,1
43,1,1,0,60.0,0,0,76.2917,0
44,1,1,0,41.0,0,0,134.5,0
45,1,0,1,45.0,0,0,26.55,1
46,1,0,1,29.8811345124,0,0,31.0,1
47,1,1,1,42.0,0,0,26.2875,1
48,1,1,0,53.0,0,0,27.4458,0
49,1,1,1,36.0,0,1,512.3292,0
50,1,1,0,58.0,0,1,512.3292,0
51,1,0,1,33.0,0,0,5.0,1
52,1,0,1,28.0,0,0,47.1,1
53,1,0,1,17.0,0,0,47.1,1
54,1,1,1,11.0,1,2,120.0,1
55,1,1,0,14.0,1,2,120.0,1
56,1,1,1,36.0,1,2,120.0,1
57,1,1,0,36.0,1,2,120.0,1
58,1,0,1,49.0,0,0,26.0,1
59,1,1,0,29.8811345124,0,0,27.7208,0
60,1,0,1,36.0,1,0,78.85,1
61,1,1,0,76.0,1,0,78.85,1
62,1,0,1,46.0,1,0,61.175,1
63,1,1,0,47.0,1,0,61.175,1
64,1,1,1,27.0,1,0,53.1,1
65,1,1,0,33.0,1,0,53.1,1
66,1,1,0,36.0,0,0,262.375,0
67,1,1,0,30.0,0,0,86.5,1
68,1,1,1,45.0,0,0,29.7,0
69,1,1,0,29.8811345124,0,1,55.0,1
70,1,0,1,29.8811345124,0,0,0.0,1
71,1,0,1,27.0,1,0,136.7792,0
72,1,1,0,26.0,1,0,136.7792,0
73,1,1,0,22.0,0,0,151.55,1
74,1,0,1,29.8811345124,0,0,52.0,1
75,1,0,1,47.0,0,0,25.5875,1
76,1,1,0,39.0,1,1,83.1583,0
77,1,0,1,37.0,1,1,83.1583,0
78,1,1,0,64.0,0,2,83.1583,0
79,1,1,0,55.0,2,0,25.7,1
80,1,0,1,29.8811345124,0,0,26.55,1
81,1,0,1,70.0,1,1,71.0,1
82,1,1,0,36.0,0,2,71.0,1
83,1,1,0,64.0,1,1,26.55,1
84,1,0,1,39.0,1,0,71.2833,0
85,1,1,0,38.0,1,0,71.2833,0
86,1,1,1,51.0,0,0,26.55,1
87,1,1,1,27.0,0,0,30.5,1
88,1,1,0,33.0,0,0,151.55,1
89,1,0,1,31.0,1,0,52.0,1
90,1,1,0,27.0,1,2,52.0,1
91,1,1,1,31.0,1,0,57.0,1
92,1,1,0,17.0,1,0,57.0,1
93,1,1,1,53.0,1,1,81.8583,1
94,1,1,1,4.0,0,2,81.8583,1
95,1,1,0,54.0,1,1,81.8583,1
96,1,0,1,50.0,1,0,106.425,0
97,1,1,0,27.0,1,1,247.5208,0
98,1,1,0,48.0,1,0,106.425,0
99,1,1,0,48.0,1,0,39.6,0
100,1,1,1,49.0,1,0,56.9292,0
101,1,0,1,39.0,0,0,29.7,0
102,1,1,0,23.0,0,1,83.1583,0
103,1,1,0,38.0,0,0,227.525,0
104,1,1,0,54.0,1,0,78.2667,0
105,1,0,0,36.0,0,0,31.6792,0
106,1,0,1,29.8811345124,0,0,221.7792,1
107,1,1,0,29.8811345124,0,0,31.6833,1
108,1,1,0,29.8811345124,0,0,110.8833,0
109,1,1,1,36.0,0,0,26.3875,1
110,1,0,1,30.0,0,0,27.75,0
111,1,1,0,24.0,3,2,263.0,1
112,1,1,0,28.0,3,2,263.0,1
113,1,1,0,23.0,3,2,263.0,1
114,1,0,1,19.0,3,2,263.0,1
115,1,0,1,64.0,1,4,263.0,1
116,1,1,0,60.0,1,4,263.0,1
117,1,1,0,30.0,0,0,56.9292,0
118,1,0,1,29.8811345124,0,0,26.55,1
119,1,1,1,50.0,2,0,133.65,1
120,1,1,1,43.0,1,0,27.7208,0
121,1,1,0,29.8811345124,1,0,133.65,1
122,1,1,0,22.0,0,2,49.5,0
123,1,1,1,60.0,1,1,79.2,0
124,1,1,0,48.0,1,1,79.2,0
125,1,0,1,29.8811345124,0,0,0.0,1
126,1,0,1,37.0,1,0,53.1,1
127,1,1,0,35.0,1,0,53.1,1
128,1,0,1,47.0,0,0,38.5,1
129,1,1,0,35.0,0,0,211.5,0
130,1,1,0,22.0,0,1,59.4,0
131,1,1,0,45.0,0,1,59.4,0
132,1,0,1,24.0,0,0,79.2,0
133,1,1,1,49.0,1,0,89.1042,0
134,1,1,0,29.8811345124,1,0,89.1042,0
135,1,0,1,71.0,0,0,34.6542,0
136,1,1,1,53.0,0,0,28.5,0
137,1,1,0,19.0,0,0,30.0,1
138,1,0,1,38.0,0,1,153.4625,1
139,1,1,0,58.0,0,1,153.4625,1
140,1,1,1,23.0,0,1,63.3583,0
141,1,1,0,45.0,0,1,63.3583,0
142,1,0,1,46.0,0,0,79.2,0
143,1,1,1,25.0,1,0,55.4417,0
144,1,1,0,25.0,1,0,55.4417,0
145,1,1,1,48.0,1,0,76.7292,0
146,1,1,0,49.0,1,0,76.7292,0
147,1,0,1,29.8811345124,0,0,42.4,1
148,1,0,1,45.0,1,0,83.475,1
149,1,1,0,35.0,1,0,83.475,1
150,1,0,1,40.0,0,0,0.0,1
151,1,1,1,27.0,0,0,76.7292,0
152,1,1,1,29.8811345124,0,0,30.0,1
153,1,1,0,24.0,0,0,83.1583,0
154,1,0,1,55.0,1,1,93.5,1
155,1,1,0,52.0,1,1,93.5,1
156,1,0,1,42.0,0,0,42.5,1
157,1,0,1,29.8811345124,0,0,51.8625,1
158,1,0,1,55.0,0,0,50.0,1
159,1,1,0,16.0,0,1,57.9792,0
160,1,1,0,44.0,0,1,57.9792,0
161,1,1,0,51.0,1,0,77.9583,1
162,1,0,1,42.0,1,0,52.0,1
163,1,1,0,35.0,1,0,52.0,1
164,1,1,1,35.0,0,0,26.55,0
165,1,1,1,38.0,1,0,90.0,1
166,1,0,1,29.8811345124,0,0,30.6958,0
167,1,1,0,35.0,1,0,90.0,1
168,1,1,0,38.0,0,0,80.0,2
169,1,0,0,50.0,0,0,28.7125,0
170,1,1,1,49.0,0,0,0.0,1
171,1,0,1,46.0,0,0,26.0,1
172,1,0,1,50.0,0,0,26.0,1
173,1,0,1,32.5,0,0,211.5,0
174,1,0,1,58.0,0,0,29.7,0
175,1,0,1,41.0,1,0,51.8625,1
176,1,1,0,29.8811345124,1,0,51.8625,1
177,1,1,1,42.0,1,0,52.5542,1
178,1,1,0,45.0,1,0,52.5542,1
179,1,0,1,29.8811345124,0,0,26.55,1
180,1,1,0,39.0,0,0,211.3375,1
181,1,1,0,49.0,0,0,25.9292,1
182,1,1,0,30.0,0,0,106.425,0
183,1,1,1,35.0,0,0,512.3292,0
184,1,0,1,29.8811345124,0,0,27.7208,0
185,1,0,1,42.0,0,0,26.55,1
186,1,1,0,55.0,0,0,27.7208,0
187,1,1,0,16.0,0,1,39.4,1
188,1,1,0,51.0,0,1,39.4,1
189,1,0,1,29.0,0,0,30.0,1
190,1,1,0,21.0,0,0,77.9583,1
191,1,0,1,30.0,0,0,45.5,1
192,1,1,0,58.0,0,0,146.5208,0
193,1,1,0,15.0,0,1,211.3375,1
194,1,0,1,30.0,0,0,26.0,1
195,1,1,0,16.0,0,0,86.5,1
196,1,1,1,29.8811345124,0,0,29.7,0
197,1,0,1,19.0,1,0,53.1,1
198,1,1,0,18.0,1,0,53.1,1
199,1,1,0,24.0,0,0,49.5042,0
200,1,0,1,46.0,0,0,75.2417,0
201,1,0,1,54.0,0,0,51.8625,1
202,1,1,1,36.0,0,0,26.2875,1
203,1,0,1,28.0,1,0,82.1708,0
204,1,1,0,29.8811345124,1,0,82.1708,0
205,1,0,1,65.0,0,0,26.55,1
206,1,0,1,44.0,2,0,90.0,2
207,1,1,0,33.0,1,0,90.0,2
208,1,1,0,37.0,1,0,90.0,2
209,1,1,1,30.0,1,0,57.75,0
210,1,0,1,55.0,0,0,30.5,1
211,1,0,1,47.0,0,0,42.4,1
212,1,0,1,37.0,0,1,29.7,0
213,1,1,0,31.0,1,0,113.275,0
214,1,1,0,23.0,1,0,113.275,0
215,1,0,1,58.0,0,2,113.275,0
216,1,1,0,19.0,0,2,26.2833,1
217,1,0,1,64.0,0,0,26.0,1
218,1,1,0,39.0,0,0,108.9,0
219,1,1,1,29.8811345124,0,0,25.7417,0
220,1,1,0,22.0,0,1,61.9792,0
221,1,0,1,65.0,0,1,61.9792,0
222,1,0,1,28.5,0,0,27.7208,0
223,1,0,1,29.8811345124,0,0,0.0,1
224,1,0,1,45.5,0,0,28.5,1
225,1,0,1,23.0,0,0,93.5,1
226,1,0,1,29.0,1,0,66.6,1
227,1,1,0,22.0,1,0,66.6,1
228,1,0,1,18.0,1,0,108.9,0
229,1,1,0,17.0,1,0,108.9,0
230,1,1,0,30.0,0,0,93.5,1
231,1,1,1,52.0,0,0,30.5,1
232,1,0,1,47.0,0,0,52.0,1
233,1,1,0,56.0,0,1,83.1583,0
234,1,0,1,38.0,0,0,0.0,1
235,1,1,1,29.8811345124,0,0,39.6,1
236,1,0,1,22.0,0,0,135.6333,0
237,1,0,1,29.8811345124,0,0,227.525,0
238,1,1,0,43.0,0,1,211.3375,1
239,1,0,1,31.0,0,0,50.4958,1
240,1,1,1,45.0,0,0,26.55,1
241,1,0,1,29.8811345124,0,0,50.0,1
242,1,1,0,33.0,0,0,27.7208,0
243,1,0,1,46.0,0,0,79.2,0
244,1,0,1,36.0,0,0,40.125,0
245,1,1,0,33.0,0,0,86.5,1
246,1,0,1,55.0,1,0,59.4,0
247,1,1,0,54.0,1,0,59.4,0
248,1,0,1,33.0,0,0,26.55,1
249,1,1,1,13.0,2,2,262.375,0
250,1,1,0,18.0,2,2,262.375,0
251,1,1,0,21.0,2,2,262.375,0
252,1,0,1,61.0,1,3,262.375,0
253,1,1,0,48.0,1,3,262.375,0
254,1,1,1,29.8811345124,0,0,30.5,1
255,1,1,0,24.0,0,0,69.3,0
256,1,1,1,29.8811345124,0,0,26.0,1
257,1,1,0,35.0,1,0,57.75,0
258,1,1,0,30.0,0,0,31.0,0
259,1,1,1,34.0,0,0,26.55,1
260,1,1,0,40.0,0,0,153.4625,1
261,1,1,1,35.0,0,0,26.2875,1
262,1,0,1,50.0,1,0,55.9,1
263,1,1,0,39.0,1,0,55.9,1
264,1,1,1,56.0,0,0,35.5,0
265,1,1,1,28.0,0,0,35.5,1
266,1,0,1,56.0,0,0,26.55,1
267,1,0,1,56.0,0,0,30.6958,0
268,1,0,1,24.0,1,0,60.0,1
269,1,0,1,29.8811345124,0,0,26.0,1
270,1,1,0,18.0,1,0,60.0,1
271,1,1,1,24.0,1,0,82.2667,1
272,1,1,0,23.0,1,0,82.2667,1
273,1,1,1,6.0,0,2,134.5,0
274,1,1,1,45.0,1,1,134.5,0
275,1,1,0,40.0,1,1,134.5,0
276,1,0,1,57.0,1,0,146.5208,0
277,1,1,0,29.8811345124,1,0,146.5208,0
278,1,1,1,32.0,0,0,30.5,0
279,1,0,1,62.0,0,0,26.55,1
280,1,1,1,54.0,1,0,55.4417,0
281,1,1,0,43.0,1,0,55.4417,0
282,1,1,0,52.0,1,0,78.2667,0
283,1,0,1,29.8811345124,0,0,27.7208,0
284,1,1,0,62.0,0,0,80.0,2
285,1,0,1,67.0,1,0,221.7792,1
286,1,0,0,63.0,1,0,221.7792,1
287,1,0,1,61.0,0,0,32.3208,1
288,1,1,0,48.0,0,0,25.9292,1
289,1,1,0,18.0,0,2,79.65,1
290,1,0,1,52.0,1,1,79.65,1
291,1,1,0,39.0,1,1,79.65,1
292,1,1,1,48.0,1,0,52.0,1
293,1,1,0,29.8811345124,1,0,52.0,1
294,1,0,1,49.0,1,1,110.8833,0
295,1,1,1,17.0,0,2,110.8833,0
296,1,1,0,39.0,1,1,110.8833,0
297,1,1,0,29.8811345124,0,0,79.2,0
298,1,1,1,31.0,0,0,28.5375,0
299,1,0,1,40.0,0,0,27.7208,0
300,1,0,1,61.0,0,0,33.5,1
301,1,0,1,47.0,0,0,34.0208,1
302,1,1,0,35.0,0,0,512.3292,0
303,1,0,1,64.0,1,0,75.25,0
304,1,1,0,60.0,1,0,75.25,0
305,1,0,1,60.0,0,0,26.55,1
306,1,0,1,54.0,0,1,77.2875,1
307,1,0,1,21.0,0,1,77.2875,1
308,1,1,0,55.0,0,0,135.6333,0
309,1,1,0,31.0,0,2,164.8667,1
310,1,0,1,57.0,1,1,164.8667,1
311,1,1,0,45.0,1,1,164.8667,1
312,1,0,1,50.0,1,1,211.5,0
313,1,0,1,27.0,0,2,211.5,0
314,1,1,0,50.0,1,1,211.5,0
315,1,1,0,21.0,0,0,26.55,1
316,1,0,1,51.0,0,1,61.3792,0
317,1,1,1,21.0,0,1,61.3792,0
318,1,0,1,29.8811345124,0,0,35.0,1
319,1,1,0,31.0,0,0,134.5,0
320,1,1,1,29.8811345124,0,0,35.5,1
321,1,0,1,62.0,0,0,26.55,1
322,1,1,0,36.0,0,0,135.6333,0
323,2,0,1,30.0,1,0,24.0,0
324,2,1,0,28.0,1,0,24.0,0
325,2,0,1,30.0,0,0,13.0,1
326,2,0,1,18.0,0,0,11.5,1
327,2,0,1,25.0,0,0,10.5,1
328,2,0,1,34.0,1,0,26.0,1
329,2,1,0,36.0,1,0,26.0,1
330,2,0,1,57.0,0,0,13.0,1
331,2,0,1,18.0,0,0,11.5,1
332,2,0,1,23.0,0,0,10.5,1
333,2,1,0,36.0,0,0,13.0,1
334,2,0,1,28.0,0,0,10.5,1
335,2,0,1,51.0,0,0,12.525,1
336,2,1,1,32.0,1,0,26.0,1
337,2,1,0,19.0,1,0,26.0,1
338,2,0,1,28.0,0,0,26.0,1
339,2,1,1,1.0,2,1,39.0,1
340,2,1,0,4.0,2,1,39.0,1
341,2,1,0,12.0,2,1,39.0,1
342,2,1,0,36.0,0,3,39.0,1
343,2,1,1,34.0,0,0,13.0,1
344,2,1,0,19.0,0,0,13.0,1
345,2,0,1,23.0,0,0,13.0,1
346,2,0,1,26.0,0,0,13.0,1
347,2,0,1,42.0,0,0,13.0,1
348,2,0,1,27.0,0,0,13.0,1
349,2,1,0,24.0,0,0,13.0,1
350,2,1,0,15.0,0,2,39.0,1
351,2,0,1,60.0,1,1,39.0,1
352,2,1,0,40.0,1,1,39.0,1
353,2,1,0,20.0,1,0,26.0,1
354,2,0,1,25.0,1,0,26.0,1
355,2,1,0,36.0,0,0,13.0,1
356,2,0,1,25.0,0,0,13.0,1
357,2,0,1,42.0,0,0,13.0,1
358,2,1,0,42.0,0,0,13.0,1
359,2,1,1,0.8333,0,2,29.0,1
360,2,1,1,26.0,1,1,29.0,1
361,2,1,0,22.0,1,1,29.0,1
362,2,1,0,35.0,0,0,21.0,1
363,2,0,1,29.8811345124,0,0,0.0,1
364,2,0,1,19.0,0,0,13.0,1
365,2,0,0,44.0,1,0,26.0,1
366,2,0,1,54.0,1,0,26.0,1
367,2,0,1,52.0,0,0,13.5,1
368,2,0,1,37.0,1,0,26.0,1
369,2,0,0,29.0,1,0,26.0,1
370,2,1,0,25.0,1,1,30.0,1
371,2,1,0,45.0,0,2,30.0,1
372,2,0,1,29.0,1,0,26.0,1
373,2,1,0,28.0,1,0,26.0,1
374,2,0,1,29.0,0,0,10.5,1
375,2,0,1,28.0,0,0,13.0,1
376,2,1,1,24.0,0,0,10.5,1
377,2,1,0,8.0,0,2,26.25,1
378,2,0,1,31.0,1,1,26.25,1
379,2,1,0,31.0,1,1,26.25,1
380,2,1,0,22.0,0,0,10.5,1
381,2,0,0,30.0,0,0,13.0,1
382,2,0,0,29.8811345124,0,0,21.0,1
383,2,0,1,21.0,0,0,11.5,1
384,2,0,1,29.8811345124,0,0,0.0,1
385,2,1,1,8.0,1,1,36.75,1
386,2,0,1,18.0,0,0,73.5,1
387,2,1,0,48.0,0,2,36.75,1
388,2,1,0,28.0,0,0,13.0,1
389,2,0,1,32.0,0,0,13.0,1
390,2,0,1,17.0,0,0,73.5,1
391,2,0,1,29.0,1,0,27.7208,0
392,2,1,0,24.0,1,0,27.7208,0
393,2,0,1,25.0,0,0,31.5,1
394,2,0,1,18.0,0,0,73.5,1
395,2,1,0,18.0,0,1,23.0,1
396,2,1,0,34.0,0,1,23.0,1
397,2,0,1,54.0,0,0,26.0,1
398,2,1,1,8.0,0,2,32.5,1
399,2,0,1,42.0,1,1,32.5,1
400,2,1,0,34.0,1,1,32.5,1
401,2,1,0,27.0,1,0,13.8583,0
402,2,1,0,30.0,1,0,13.8583,0
403,2,0,1,23.0,0,0,13.0,1
404,2,0,1,21.0,0,0,13.0,1
405,2,0,1,18.0,0,0,13.0,1
406,2,0,1,40.0,1,0,26.0,1
407,2,1,0,29.0,1,0,26.0,1
408,2,0,1,18.0,0,0,10.5,1
409,2,0,1,36.0,0,0,13.0,1
410,2,0,1,29.8811345124,0,0,0.0,1
411,2,0,0,38.0,0,0,13.0,1
412,2,0,1,35.0,0,0,26.0,1
413,2,0,1,38.0,1,0,21.0,1
414,2,0,1,34.0,1,0,21.0,1
415,2,1,0,34.0,0,0,13.0,1
416,2,0,1,16.0,0,0,26.0,1
417,2,0,1,26.0,0,0,10.5,1
418,2,0,1,47.0,0,0,10.5,1
419,2,0,1,21.0,1,0,11.5,1
420,2,0,1,21.0,1,0,11.5,1
421,2,0,1,24.0,0,0,13.5,1
422,2,0,1,24.0,0,0,13.0,1
423,2,0,1,34.0,0,0,13.0,1
424,2,0,1,30.0,0,0,13.0,1
425,2,0,1,52.0,0,0,13.0,1
426,2,0,1,30.0,0,0,13.0,1
427,2,1,1,0.6667,1,1,14.5,1
428,2,1,0,24.0,0,2,14.5,1
429,2,0,1,44.0,0,0,13.0,1
430,2,1,0,6.0,0,1,33.0,1
431,2,0,1,28.0,0,1,33.0,1
432,2,1,1,62.0,0,0,10.5,1
433,2,0,1,30.0,0,0,10.5,1
434,2,1,0,7.0,0,2,26.25,1
435,2,0,1,43.0,1,1,26.25,1
436,2,1,0,45.0,1,1,26.25,1
437,2,1,0,24.0,1,2,65.0,1
438,2,1,0,24.0,1,2,65.0,1
439,2,0,1,49.0,1,2,65.0,1
440,2,1,0,48.0,1,2,65.0,1
441,2,1,0,55.0,0,0,16.0,1
442,2,0,1,24.0,2,0,73.5,1
443,2,0,1,32.0,2,0,73.5,1
444,2,0,1,21.0,2,0,73.5,1
445,2,0,0,18.0,1,1,13.0,1
446,2,1,0,20.0,2,1,23.0,1
447,2,0,1,23.0,2,1,11.5,1
448,2,0,1,36.0,0,0,13.0,1
449,2,1,0,54.0,1,3,23.0,1
450,2,0,1,50.0,0,0,13.0,1
451,2,0,1,44.0,1,0,26.0,1
452,2,1,0,29.0,1,0,26.0,1
453,2,0,1,21.0,0,0,73.5,1
454,2,1,1,42.0,0,0,13.0,1
455,2,0,1,63.0,1,0,26.0,1
456,2,0,0,60.0,1,0,26.0,1
457,2,0,1,33.0,0,0,12.275,1
458,2,1,0,17.0,0,0,10.5,1
459,2,0,1,42.0,1,0,27.0,1
460,2,1,0,24.0,2,1,27.0,1
461,2,0,1,47.0,0,0,15.0,1
462,2,0,1,24.0,2,0,31.5,1
463,2,0,1,22.0,2,0,31.5,1
464,2,0,1,32.0,0,0,10.5,1
465,2,1,0,23.0,0,0,13.7917,0
466,2,0,1,34.0,1,0,26.0,1
467,2,1,0,24.0,1,0,26.0,1
468,2,0,0,22.0,0,0,21.0,1
469,2,1,0,29.8811345124,0,0,12.35,2
470,2,0,1,35.0,0,0,12.35,2
471,2,1,0,45.0,0,0,13.5,1
472,2,0,1,57.0,0,0,12.35,2
473,2,0,1,29.8811345124,0,0,0.0,1
474,2,0,1,31.0,0,0,10.5,1
475,2,0,0,26.0,1,1,26.0,1
476,2,0,1,30.0,1,1,26.0,1
477,2,0,1,29.8811345124,0,0,10.7083,2
478,2,1,0,1.0,1,2,41.5792,0
479,2,1,0,3.0,1,2,41.5792,0
480,2,0,1,25.0,1,2,41.5792,0
481,2,1,0,22.0,1,2,41.5792,0
482,2,1,0,17.0,0,0,12.0,0
483,2,1,0,29.8811345124,0,0,33.0,1
484,2,1,0,34.0,0,0,10.5,1
485,2,0,1,36.0,0,0,12.875,0
486,2,0,1,24.0,0,0,10.5,1
487,2,0,1,61.0,0,0,12.35,2
488,2,0,1,50.0,1,0,26.0,1
489,2,1,0,42.0,1,0,26.0,1
490,2,0,0,57.0,0,0,10.5,1
491,2,0,1,29.8811345124,0,0,15.0458,0
492,2,1,1,1.0,0,2,37.0042,0
493,2,0,1,31.0,1,1,37.0042,0
494,2,1,0,24.0,1,1,37.0042,0
495,2,0,1,29.8811345124,0,0,15.5792,0
496,2,0,1,30.0,0,0,13.0,1
497,2,0,1,40.0,0,0,16.0,1
498,2,0,1,32.0,0,0,13.5,1
499,2,0,1,30.0,0,0,13.0,1
500,2,0,1,46.0,0,0,26.0,1
501,2,1,0,13.0,0,1,19.5,1
502,2,1,0,41.0,0,1,19.5,1
503,2,1,1,19.0,0,0,10.5,1
504,2,0,1,39.0,0,0,13.0,1
505,2,0,1,48.0,0,0,13.0,1
506,2,0,1,70.0,0,0,10.5,1
507,2,0,1,27.0,0,0,13.0,1
508,2,0,1,54.0,0,0,14.0,1
509,2,0,1,39.0,0,0,26.0,1
510,2,0,1,16.0,0,0,10.5,1
511,2,0,1,62.0,0,0,9.6875,2
512,2,0,1,32.5,1,0,30.0708,0
513,2,1,0,14.0,1,0,30.0708,0
514,2,1,1,2.0,1,1,26.0,1
515,2,1,1,3.0,1,1,26.0,1
516,2,0,1,36.5,0,2,26.0,1
517,2,0,1,26.0,0,0,13.0,1
518,2,0,1,19.0,1,1,36.75,1
519,2,0,1,28.0,0,0,13.5,1
520,2,1,1,20.0,0,0,13.8625,0
521,2,1,0,29.0,0,0,10.5,1
522,2,0,1,39.0,0,0,13.0,1
523,2,1,1,22.0,0,0,10.5,1
524,2,1,1,29.8811345124,0,0,13.8625,0
525,2,0,1,23.0,0,0,10.5,1
526,2,1,1,29.0,0,0,13.8583,0
527,2,0,1,28.0,0,0,10.5,1
528,2,0,1,29.8811345124,0,0,0.0,1
529,2,1,0,50.0,0,1,26.0,1
530,2,0,1,19.0,0,0,10.5,1
531,2,0,1,29.8811345124,0,0,15.05,0
532,2,0,1,41.0,0,0,13.0,1
533,2,1,0,21.0,0,1,21.0,1
534,2,1,0,19.0,0,0,26.0,1
535,2,0,1,43.0,0,1,21.0,1
536,2,1,0,32.0,0,0,13.0,1
537,2,0,1,34.0,0,0,13.0,1
538,2,1,1,30.0,0,0,12.7375,0
539,2,0,1,27.0,0,0,15.0333,0
540,2,1,0,2.0,1,1,26.0,1
541,2,1,0,8.0,1,1,26.0,1
542,2,1,0,33.0,0,2,26.0,1
543,2,0,1,36.0,0,0,10.5,1
544,2,0,1,34.0,1,0,21.0,1
545,2,1,0,30.0,3,0,21.0,1
546,2,1,0,28.0,0,0,13.0,1
547,2,0,1,23.0,0,0,15.0458,0
548,2,1,1,0.8333,1,1,18.75,1
549,2,1,1,3.0,1,1,18.75,1
550,2,1,0,24.0,2,3,18.75,1
551,2,1,0,50.0,0,0,10.5,1
552,2,0,1,19.0,0,0,10.5,1
553,2,1,0,21.0,0,0,10.5,1
554,2,0,1,26.0,0,0,13.0,1
555,2,0,1,25.0,0,0,13.0,1
556,2,0,1,27.0,0,0,26.0,1
557,2,1,0,25.0,0,1,26.0,1
558,2,1,0,18.0,0,2,13.0,1
559,2,1,0,20.0,0,0,36.75,1
560,2,1,0,30.0,0,0,13.0,1
561,2,0,1,59.0,0,0,13.5,1
562,2,1,0,30.0,0,0,12.35,2
563,2,0,1,35.0,0,0,10.5,1
564,2,1,0,40.0,0,0,13.0,1
565,2,0,1,25.0,0,0,13.0,1
566,2,0,1,41.0,0,0,15.0458,0
567,2,0,1,25.0,0,0,10.5,1
568,2,0,1,18.5,0,0,13.0,1
569,2,0,1,14.0,0,0,65.0,1
570,2,1,0,50.0,0,0,10.5,1
571,2,0,1,23.0,0,0,13.0,1
572,2,1,0,28.0,0,0,12.65,1
573,2,1,0,27.0,0,0,10.5,1
574,2,0,1,29.0,1,0,21.0,1
575,2,0,0,27.0,1,0,21.0,1
576,2,0,1,40.0,0,0,13.0,1
577,2,1,0,31.0,0,0,21.0,1
578,2,0,1,30.0,1,0,21.0,1
579,2,0,1,23.0,1,0,10.5,1
580,2,1,0,31.0,0,0,21.0,1
581,2,0,1,29.8811345124,0,0,0.0,1
582,2,1,0,12.0,0,0,15.75,1
583,2,1,0,40.0,0,0,15.75,1
584,2,1,0,32.5,0,0,13.0,1
585,2,0,1,27.0,1,0,26.0,1
586,2,1,0,29.0,1,0,26.0,1
587,2,1,1,2.0,1,1,23.0,1
588,2,1,0,4.0,1,1,23.0,1
589,2,1,0,29.0,0,2,23.0,1
590,2,1,0,0.9167,1,2,27.75,1
591,2,1,0,5.0,1,2,27.75,1
592,2,0,1,36.0,1,2,27.75,1
593,2,1,0,33.0,1,2,27.75,1
594,2,0,1,66.0,0,0,10.5,1
595,2,0,1,29.8811345124,0,0,12.875,1
596,2,1,1,31.0,0,0,13.0,1
597,2,1,1,29.8811345124,0,0,13.0,1
598,2,1,0,26.0,0,0,13.5,1
599,2,0,0,24.0,0,0,13.0,1
600,3,0,1,42.0,0,0,7.55,1
601,3,0,1,13.0,0,2,20.25,1
602,3,0,1,16.0,1,1,20.25,1
603,3,1,0,35.0,1,1,20.25,1
604,3,1,0,16.0,0,0,7.65,1
605,3,1,1,25.0,0,0,7.65,1
606,3,1,1,20.0,0,0,7.925,1
607,3,1,0,18.0,0,0,7.2292,0
608,3,0,1,30.0,0,0,7.25,1
609,3,0,1,26.0,0,0,8.05,1
610,3,0,0,40.0,1,0,9.475,1
611,3,1,1,0.8333,0,1,9.35,1
612,3,1,0,18.0,0,1,9.35,1
613,3,1,1,26.0,0,0,18.7875,0
614,3,0,1,26.0,0,0,7.8875,1
615,3,0,1,20.0,0,0,7.925,1
616,3,0,1,24.0,0,0,7.05,1
617,3,0,1,25.0,0,0,7.05,1
618,3,0,1,35.0,0,0,8.05,1
619,3,0,1,18.0,0,0,8.3,1
620,3,0,1,32.0,0,0,22.525,1
621,3,1,0,19.0,1,0,7.8542,1
622,3,0,1,4.0,4,2,31.275,1
623,3,0,0,6.0,4,2,31.275,1
624,3,0,0,2.0,4,2,31.275,1
625,3,1,0,17.0,4,2,7.925,1
626,3,0,0,38.0,4,2,7.775,1
627,3,0,0,9.0,4,2,31.275,1
628,3,0,0,11.0,4,2,31.275,1
629,3,0,1,39.0,1,5,31.275,1
630,3,1,1,27.0,0,0,7.7958,1
631,3,0,1,26.0,0,0,7.775,1
632,3,0,0,39.0,1,5,31.275,1
633,3,0,1,20.0,0,0,7.8542,1
634,3,0,1,26.0,0,0,7.8958,1
635,3,0,1,25.0,1,0,17.8,1
636,3,0,0,18.0,1,0,17.8,1
637,3,0,1,24.0,0,0,7.775,1
638,3,0,1,35.0,0,0,7.05,1
639,3,0,1,5.0,4,2,31.3875,1
640,3,0,1,9.0,4,2,31.3875,1
641,3,1,1,3.0,4,2,31.3875,1
642,3,0,1,13.0,4,2,31.3875,1
643,3,1,0,5.0,4,2,31.3875,1
644,3,0,1,40.0,1,5,31.3875,1
645,3,1,1,23.0,0,0,7.7958,1
646,3,1,0,38.0,1,5,31.3875,1
647,3,1,0,45.0,0,0,7.225,0
648,3,0,1,21.0,0,0,7.225,0
649,3,0,1,23.0,0,0,7.05,1
650,3,0,0,17.0,0,0,14.4583,0
651,3,0,1,30.0,0,0,7.225,0
652,3,0,1,23.0,0,0,7.8542,1
653,3,1,0,13.0,0,0,7.2292,0
654,3,0,1,20.0,0,0,7.225,0
655,3,0,1,32.0,1,0,15.85,1
656,3,1,0,33.0,3,0,15.85,1
657,3,1,0,0.75,2,1,19.2583,0
658,3,1,0,0.75,2,1,19.2583,0
659,3,1,0,5.0,2,1,19.2583,0
660,3,1,0,24.0,0,3,19.2583,0
661,3,1,0,18.0,0,0,8.05,1
662,3,0,1,40.0,0,0,7.225,0
663,3,0,1,26.0,0,0,7.8958,1
664,3,1,1,20.0,0,0,7.2292,0
665,3,0,0,18.0,0,1,14.4542,0
666,3,0,0,45.0,0,1,14.4542,0
667,3,0,0,27.0,0,0,7.8792,2
668,3,0,1,22.0,0,0,8.05,1
669,3,0,1,19.0,0,0,8.05,1
670,3,0,1,26.0,0,0,7.775,1
671,3,0,1,22.0,0,0,9.35,1
672,3,0,1,29.8811345124,0,0,7.2292,0
673,3,0,1,20.0,0,0,4.0125,0
674,3,1,1,32.0,0,0,56.4958,1
675,3,0,1,21.0,0,0,7.775,1
676,3,0,1,18.0,0,0,7.75,1
677,3,0,1,26.0,0,0,7.8958,1
678,3,0,1,6.0,1,1,15.2458,0
679,3,0,0,9.0,1,1,15.2458,0
680,3,0,1,29.8811345124,0,0,7.225,0
681,3,0,0,29.8811345124,0,2,15.2458,0
682,3,0,0,29.8811345124,0,2,7.75,2
683,3,0,1,40.0,1,1,15.5,2
684,3,0,0,32.0,1,1,15.5,2
685,3,0,1,21.0,0,0,16.1,1
686,3,1,0,22.0,0,0,7.725,2
687,3,0,0,20.0,0,0,7.8542,1
688,3,0,1,29.0,1,0,7.0458,1
689,3,0,1,22.0,1,0,7.25,1
690,3,0,1,22.0,0,0,7.7958,1
691,3,0,1,35.0,0,0,8.05,1
692,3,0,0,18.5,0,0,7.2833,2
693,3,1,1,21.0,0,0,7.8208,2
694,3,0,1,19.0,0,0,6.75,2
695,3,0,0,18.0,0,0,7.8792,2
696,3,0,0,21.0,0,0,8.6625,1
697,3,0,0,30.0,0,0,8.6625,1
698,3,0,1,18.0,0,0,8.6625,1
699,3,0,1,38.0,0,0,8.6625,1
700,3,0,1,17.0,0,0,8.6625,1
701,3,0,1,17.0,0,0,8.6625,1
702,3,0,0,21.0,0,0,7.75,2
703,3,0,1,21.0,0,0,7.75,2
704,3,0,1,21.0,0,0,8.05,1
705,3,0,1,29.8811345124,1,0,14.4583,0
706,3,0,0,29.8811345124,1,0,14.4583,0
707,3,0,1,28.0,0,0,7.7958,1
708,3,0,1,24.0,0,0,7.8542,1
709,3,1,0,16.0,0,0,7.75,2
710,3,0,0,37.0,0,0,7.75,2
711,3,0,1,28.0,0,0,7.25,1
712,3,0,1,24.0,0,0,8.05,1
713,3,0,1,21.0,0,0,7.7333,2
714,3,1,1,32.0,0,0,56.4958,1
715,3,0,1,29.0,0,0,8.05,1
716,3,0,1,26.0,1,0,14.4542,0
717,3,0,1,18.0,1,0,14.4542,0
718,3,0,1,20.0,0,0,7.05,1
719,3,1,1,18.0,0,0,8.05,1
720,3,0,1,24.0,0,0,7.25,2
721,3,0,1,36.0,0,0,7.4958,1
722,3,0,1,24.0,0,0,7.4958,1
723,3,0,1,31.0,0,0,7.7333,2
724,3,0,1,31.0,0,0,7.75,2
725,3,1,0,22.0,0,0,7.75,2
726,3,0,0,30.0,0,0,7.6292,2
727,3,0,1,70.5,0,0,7.75,2
728,3,0,1,43.0,0,0,8.05,1
729,3,0,1,35.0,0,0,7.8958,1
730,3,0,1,27.0,0,0,7.8958,1
731,3,0,1,19.0,0,0,7.8958,1
732,3,0,1,30.0,0,0,8.05,1
733,3,1,1,9.0,1,1,15.9,1
734,3,1,1,3.0,1,1,15.9,1
735,3,1,0,36.0,0,2,15.9,1
736,3,0,1,59.0,0,0,7.25,1
737,3,0,1,19.0,0,0,8.1583,1
738,3,1,0,17.0,0,1,16.1,1
739,3,0,1,44.0,0,1,16.1,1
740,3,0,1,17.0,0,0,8.6625,1
741,3,0,1,22.5,0,0,7.225,0
742,3,1,1,45.0,0,0,8.05,1
743,3,0,0,22.0,0,0,10.5167,1
744,3,0,1,19.0,0,0,10.1708,1
745,3,1,0,30.0,0,0,6.95,2
746,3,1,1,29.0,0,0,7.75,2
747,3,0,1,0.3333,0,2,14.4,1
748,3,0,1,34.0,1,1,14.4,1
749,3,0,0,28.0,1,1,14.4,1
750,3,0,1,27.0,0,0,7.8958,1
751,3,0,1,25.0,0,0,7.8958,1
752,3,0,1,24.0,2,0,24.15,1
753,3,0,1,22.0,0,0,8.05,1
754,3,0,1,21.0,2,0,24.15,1
755,3,0,1,17.0,2,0,8.05,1
756,3,0,1,29.8811345124,1,0,16.1,1
757,3,1,0,29.8811345124,1,0,16.1,1
758,3,1,1,36.5,1,0,17.4,1
759,3,1,0,36.0,1,0,17.4,1
760,3,1,1,30.0,0,0,9.5,1
761,3,0,1,16.0,0,0,9.5,1
762,3,1,1,1.0,1,2,20.575,1
763,3,1,0,0.1667,1,2,20.575,1
764,3,0,1,26.0,1,2,20.575,1
765,3,1,0,33.0,1,2,20.575,1
766,3,0,1,25.0,0,0,7.8958,1
767,3,0,1,29.8811345124,0,0,7.8958,1
768,3,0,1,29.8811345124,0,0,7.8958,1
769,3,0,1,22.0,0,0,7.25,1
770,3,0,1,36.0,0,0,7.25,1
771,3,1,0,19.0,0,0,7.8792,2
772,3,0,1,17.0,0,0,7.8958,1
773,3,0,1,42.0,0,0,8.6625,1
774,3,0,1,43.0,0,0,7.8958,1
775,3,0,1,29.8811345124,0,0,7.2292,0
776,3,0,1,32.0,0,0,7.75,2
777,3,1,1,19.0,0,0,8.05,1
778,3,1,0,30.0,0,0,12.475,1
779,3,0,0,24.0,0,0,7.75,2
780,3,1,0,23.0,0,0,8.05,1
781,3,0,1,33.0,0,0,7.8958,0
782,3,0,1,65.0,0,0,7.75,2
783,3,1,1,24.0,0,0,7.55,1
784,3,0,1,23.0,1,0,13.9,1
785,3,1,0,22.0,1,0,13.9,1
786,3,0,1,18.0,0,0,7.775,1
787,3,0,1,16.0,0,0,7.775,1
788,3,0,1,45.0,0,0,6.975,1
789,3,0,1,29.8811345124,0,0,7.225,0
790,3,0,1,39.0,0,2,7.2292,0
791,3,0,1,17.0,1,1,7.2292,0
792,3,0,1,15.0,1,1,7.2292,0
793,3,0,1,47.0,0,0,7.25,1
794,3,1,0,5.0,0,0,12.475,1
795,3,0,1,29.8811345124,0,0,7.225,0
796,3,0,1,40.5,0,0,15.1,1
797,3,0,1,40.5,0,0,7.75,2
798,3,1,1,29.8811345124,0,0,7.05,1
799,3,0,1,18.0,0,0,7.7958,1
800,3,0,0,29.8811345124,0,0,7.75,2
801,3,0,1,29.8811345124,0,0,7.75,2
802,3,0,1,29.8811345124,0,0,6.95,2
803,3,0,1,26.0,0,0,7.8792,2
804,3,0,1,29.8811345124,0,0,7.75,2
805,3,1,1,29.8811345124,0,0,56.4958,1
806,3,0,0,21.0,2,2,34.375,1
807,3,0,0,9.0,2,2,34.375,1
808,3,0,1,29.8811345124,0,0,8.05,1
809,3,0,1,18.0,2,2,34.375,1
810,3,0,1,16.0,1,3,34.375,1
811,3,0,0,48.0,1,3,34.375,1
812,3,0,1,29.8811345124,0,0,7.75,2
813,3,0,1,29.8811345124,0,0,7.25,1
814,3,0,1,25.0,0,0,7.7417,2
815,3,0,1,29.8811345124,0,0,14.5,1
816,3,0,1,29.8811345124,0,0,7.8958,0
817,3,0,1,22.0,0,0,8.05,1
818,3,1,0,16.0,0,0,7.7333,2
819,3,1,0,29.8811345124,0,0,7.75,2
820,3,1,1,9.0,0,2,20.525,1
821,3,0,1,33.0,1,1,20.525,1
822,3,0,1,41.0,0,0,7.85,1
823,3,1,0,31.0,1,1,20.525,1
824,3,0,1,38.0,0,0,7.05,1
825,3,0,1,9.0,5,2,46.9,1
826,3,0,1,1.0,5,2,46.9,1
827,3,0,1,11.0,5,2,46.9,1
828,3,0,0,10.0,5,2,46.9,1
829,3,0,0,16.0,5,2,46.9,1
830,3,0,1,14.0,5,2,46.9,1
831,3,0,1,40.0,1,6,46.9,1
832,3,0,0,43.0,1,6,46.9,1
833,3,0,1,51.0,0,0,8.05,1
834,3,0,1,32.0,0,0,8.3625,1
835,3,0,1,29.8811345124,0,0,8.05,1
836,3,0,1,20.0,0,0,9.8458,1
837,3,0,1,37.0,2,0,7.925,1
838,3,0,1,28.0,2,0,7.925,1
839,3,0,1,19.0,0,0,7.775,1
840,3,0,0,24.0,0,0,8.85,1
841,3,0,0,17.0,0,0,7.7333,2
842,3,0,1,29.8811345124,1,0,19.9667,1
843,3,0,1,29.8811345124,1,0,19.9667,1
844,3,0,1,28.0,1,0,15.85,1
845,3,1,0,24.0,1,0,15.85,1
846,3,0,1,20.0,0,0,9.5,1
847,3,0,1,23.5,0,0,7.2292,0
848,3,0,1,41.0,2,0,14.1083,1
849,3,0,1,26.0,1,0,7.8542,1
850,3,0,1,21.0,0,0,7.8542,1
851,3,1,0,45.0,1,0,14.1083,1
852,3,0,0,29.8811345124,0,0,7.55,1
853,3,0,1,25.0,0,0,7.25,1
854,3,0,1,29.8811345124,0,0,6.8583,2
855,3,0,1,11.0,0,0,18.7875,0
856,3,1,0,29.8811345124,0,0,7.75,2
857,3,1,1,27.0,0,0,6.975,1
858,3,1,1,29.8811345124,0,0,56.4958,1
859,3,0,0,18.0,0,0,6.75,2
860,3,1,0,26.0,0,0,7.925,1
861,3,0,0,23.0,0,0,7.925,1
862,3,1,0,22.0,0,0,8.9625,1
863,3,0,1,28.0,0,0,7.8958,1
864,3,0,0,28.0,0,0,7.775,1
865,3,0,0,29.8811345124,0,0,7.75,2
866,3,1,0,2.0,0,1,12.2875,1
867,3,1,0,22.0,1,1,12.2875,1
868,3,0,1,43.0,0,0,6.45,1
869,3,0,1,28.0,0,0,22.525,1
870,3,1,0,27.0,0,0,7.925,1
871,3,0,1,29.8811345124,0,0,7.75,2
872,3,1,0,29.8811345124,0,0,8.05,1
873,3,0,1,42.0,0,0,7.65,1
874,3,1,1,29.8811345124,0,0,7.8875,1
875,3,0,1,30.0,0,0,7.2292,0
876,3,0,1,29.8811345124,0,0,7.8958,1
877,3,0,0,27.0,1,0,7.925,1
878,3,0,0,25.0,1,0,7.925,1
879,3,0,1,29.8811345124,0,0,7.8958,1
880,3,1,1,29.0,0,0,7.8958,0
881,3,1,1,21.0,0,0,7.7958,1
882,3,0,1,29.8811345124,0,0,7.05,1
883,3,0,1,20.0,0,0,7.8542,1
884,3,0,1,48.0,0,0,7.8542,1
885,3,0,1,17.0,1,0,7.0542,1
886,3,1,0,29.8811345124,0,0,7.75,2
887,3,1,1,29.8811345124,0,0,8.1125,1
888,3,0,1,34.0,0,0,6.4958,1
889,3,1,1,26.0,0,0,7.775,1
890,3,0,1,22.0,0,0,7.7958,1
891,3,0,1,33.0,0,0,8.6542,1
892,3,0,1,31.0,0,0,7.775,1
893,3,0,1,29.0,0,0,7.8542,1
894,3,1,1,4.0,1,1,11.1333,1
895,3,1,0,1.0,1,1,11.1333,1
896,3,0,1,49.0,0,0,0.0,1
897,3,0,1,33.0,0,0,7.775,1
898,3,0,1,19.0,0,0,0.0,1
899,3,1,0,27.0,0,2,11.1333,1
900,3,0,1,29.8811345124,1,2,23.45,1
901,3,0,0,29.8811345124,1,2,23.45,1
902,3,0,1,29.8811345124,1,2,23.45,1
903,3,0,0,29.8811345124,1,2,23.45,1
904,3,0,1,23.0,0,0,7.8958,1
905,3,1,1,32.0,0,0,7.8542,1
906,3,0,1,27.0,0,0,7.8542,1
907,3,0,0,20.0,1,0,9.825,1
908,3,0,0,21.0,1,0,9.825,1
909,3,1,1,32.0,0,0,7.925,1
910,3,0,1,17.0,0,0,7.125,1
911,3,0,1,21.0,0,0,8.4333,1
912,3,0,1,30.0,0,0,7.8958,1
913,3,1,1,21.0,0,0,7.7958,1
914,3,0,1,33.0,0,0,7.8542,1
915,3,0,1,22.0,0,0,7.5208,1
916,3,1,0,4.0,0,1,13.4167,0
917,3,1,1,39.0,0,1,13.4167,0
918,3,0,1,29.8811345124,0,0,7.2292,0
919,3,0,1,18.5,0,0,7.2292,0
920,3,0,1,29.8811345124,0,0,7.75,2
921,3,0,1,29.8811345124,0,0,7.25,1
922,3,1,0,29.8811345124,0,0,7.75,2
923,3,1,0,29.8811345124,0,0,7.75,2
924,3,0,1,34.5,0,0,7.8292,2
925,3,0,1,44.0,0,0,8.05,1
926,3,1,1,29.8811345124,0,0,7.75,2
927,3,0,1,29.8811345124,1,0,14.4542,0
928,3,0,0,29.8811345124,1,0,14.4542,0
929,3,0,1,29.8811345124,1,0,7.75,2
930,3,0,1,29.8811345124,1,0,7.75,2
931,3,0,1,29.8811345124,0,0,7.7375,2
932,3,0,0,22.0,2,0,8.6625,1
933,3,0,1,26.0,2,0,8.6625,1
934,3,1,0,4.0,0,2,22.025,1
935,3,1,1,29.0,3,1,22.025,1
936,3,1,0,26.0,1,1,22.025,1
937,3,0,0,1.0,1,1,12.1833,1
938,3,0,1,18.0,1,1,7.8542,1
939,3,0,0,36.0,0,2,12.1833,1
940,3,0,1,29.8811345124,0,0,7.8958,0
941,3,1,1,25.0,0,0,7.2292,0
942,3,0,1,29.8811345124,0,0,7.225,0
943,3,0,0,37.0,0,0,9.5875,1
944,3,0,1,29.8811345124,0,0,7.8958,1
945,3,1,1,29.8811345124,0,0,56.4958,1
946,3,0,1,29.8811345124,0,0,56.4958,1
947,3,1,0,22.0,0,0,7.25,1
948,3,0,1,29.8811345124,0,0,7.75,2
949,3,1,1,26.0,0,0,56.4958,1
950,3,0,1,29.0,0,0,9.4833,1
951,3,0,1,29.0,0,0,7.775,1
952,3,0,1,22.0,0,0,7.775,1
953,3,1,1,22.0,0,0,7.225,0
954,3,0,1,29.8811345124,3,1,25.4667,1
955,3,0,0,29.8811345124,3,1,25.4667,1
956,3,0,0,29.8811345124,3,1,25.4667,1
957,3,0,0,29.8811345124,3,1,25.4667,1
958,3,0,0,29.8811345124,0,4,25.4667,1
959,3,0,1,32.0,0,0,7.925,1
960,3,0,1,34.5,0,0,6.4375,0
961,3,0,0,29.8811345124,1,0,15.5,2
962,3,0,1,29.8811345124,1,0,15.5,2
963,3,0,1,36.0,0,0,0.0,1
964,3,0,1,39.0,0,0,24.15,1
965,3,0,1,24.0,0,0,9.5,1
966,3,0,0,25.0,0,0,7.775,1
967,3,0,0,45.0,0,0,7.75,1
968,3,0,1,36.0,1,0,15.55,1
969,3,0,0,30.0,1,0,15.55,1
970,3,1,1,20.0,1,0,7.925,1
971,3,0,1,29.8811345124,0,0,7.8792,2
972,3,0,1,28.0,0,0,56.4958,1
973,3,0,1,29.8811345124,0,0,7.55,1
974,3,0,1,30.0,1,0,16.1,1
975,3,0,0,26.0,1,0,16.1,1
976,3,0,1,29.8811345124,0,0,7.8792,1
977,3,0,1,20.5,0,0,7.25,1
978,3,1,1,27.0,0,0,8.6625,1
979,3,0,1,51.0,0,0,7.0542,1
980,3,1,0,23.0,0,0,7.8542,1
981,3,1,1,32.0,0,0,7.5792,1
982,3,0,1,29.8811345124,0,0,7.8958,1
983,3,0,1,29.8811345124,0,0,7.55,1
984,3,1,0,29.8811345124,0,0,7.75,2
985,3,1,1,24.0,0,0,7.1417,1
986,3,0,1,22.0,0,0,7.125,1
987,3,0,0,29.8811345124,0,0,7.8792,2
988,3,0,1,29.8811345124,0,0,7.75,2
989,3,0,1,29.8811345124,0,0,8.05,1
990,3,0,1,29.0,0,0,7.925,1
991,3,1,1,29.8811345124,0,0,7.2292,0
992,3,0,0,30.5,0,0,7.75,2
993,3,1,0,29.8811345124,0,0,7.7375,2
994,3,0,1,29.8811345124,0,0,7.2292,0
995,3,0,1,35.0,0,0,7.8958,0
996,3,0,1,33.0,0,0,7.8958,1
997,3,1,0,29.8811345124,0,0,7.225,0
998,3,0,1,29.8811345124,0,0,7.8958,0
999,3,1,0,29.8811345124,0,0,7.75,2
1000,3,1,1,29.8811345124,0,0,7.75,2
1001,3,1,0,29.8811345124,2,0,23.25,2
1002,3,1,0,29.8811345124,2,0,23.25,2
1003,3,1,1,29.8811345124,2,0,23.25,2
1004,3,1,0,29.8811345124,0,0,7.7875,2
1005,3,0,1,29.8811345124,0,0,15.5,2
1006,3,1,0,29.8811345124,0,0,7.8792,2
1007,3,1,0,15.0,0,0,8.0292,2
1008,3,0,0,35.0,0,0,7.75,2
1009,3,0,1,29.8811345124,0,0,7.75,2
1010,3,0,1,24.0,1,0,16.1,1
1011,3,0,0,19.0,1,0,16.1,1
1012,3,0,0,29.8811345124,0,0,7.75,2
1013,3,0,0,29.8811345124,0,0,8.05,1
1014,3,0,0,29.8811345124,0,0,8.05,1
1015,3,0,1,55.5,0,0,8.05,1
1016,3,0,1,29.8811345124,0,0,7.75,2
1017,3,1,1,21.0,0,0,7.775,1
1018,3,0,1,29.8811345124,0,0,8.05,1
1019,3,0,1,24.0,0,0,7.8958,1
1020,3,0,1,21.0,0,0,7.8958,1
1021,3,0,1,28.0,0,0,7.8958,1
1022,3,0,1,29.8811345124,0,0,7.8958,1
1023,3,1,0,29.8811345124,0,0,7.8792,2
1024,3,0,1,25.0,0,0,7.65,1
1025,3,1,1,6.0,0,1,12.475,1
1026,3,1,0,27.0,0,1,12.475,1
1027,3,0,1,29.8811345124,0,0,8.05,1
1028,3,1,0,29.8811345124,1,0,24.15,2
1029,3,0,1,29.8811345124,1,0,24.15,2
1030,3,0,1,29.8811345124,0,0,8.4583,2
1031,3,0,1,34.0,0,0,8.05,1
1032,3,0,1,29.8811345124,0,0,7.75,2
1033,3,1,1,29.8811345124,0,0,7.775,1
1034,3,1,1,29.8811345124,1,1,15.2458,0
1035,3,1,1,29.8811345124,1,1,15.2458,0
1036,3,1,0,29.8811345124,0,2,15.2458,0
1037,3,1,0,29.8811345124,0,0,7.2292,0
1038,3,0,1,29.8811345124,0,0,8.05,1
1039,3,1,0,29.8811345124,0,0,7.7333,2
1040,3,1,0,24.0,0,0,7.75,2
1041,3,0,1,29.8811345124,0,0,8.05,1
1042,3,1,0,29.8811345124,1,0,15.5,2
1043,3,1,0,29.8811345124,1,0,15.5,2
1044,3,1,0,29.8811345124,0,0,15.5,2
1045,3,0,1,18.0,0,0,7.75,1
1046,3,0,1,22.0,0,0,7.8958,1
1047,3,1,0,15.0,0,0,7.225,0
1048,3,1,0,1.0,0,2,15.7417,0
1049,3,1,1,20.0,1,1,15.7417,0
1050,3,1,0,19.0,1,1,15.7417,0
1051,3,0,1,33.0,0,0,8.05,1
1052,3,0,1,29.8811345124,0,0,7.8958,1
1053,3,0,1,29.8811345124,0,0,7.2292,0
1054,3,0,0,29.8811345124,0,0,7.75,2
1055,3,0,1,29.8811345124,0,0,7.8958,1
1056,3,1,1,12.0,1,0,11.2417,0
1057,3,1,0,14.0,1,0,11.2417,0
1058,3,0,0,29.0,0,0,7.925,1
1059,3,0,1,28.0,0,0,8.05,1
1060,3,1,0,18.0,0,0,7.775,1
1061,3,1,0,26.0,0,0,7.8542,1
1062,3,0,1,21.0,0,0,7.8542,1
1063,3,0,1,41.0,0,0,7.125,1
1064,3,1,1,39.0,0,0,7.925,1
1065,3,0,1,21.0,0,0,7.8,1
1066,3,0,1,28.5,0,0,7.2292,0
1067,3,1,0,22.0,0,0,7.75,1
1068,3,0,1,61.0,0,0,6.2375,1
1069,3,0,1,29.8811345124,1,0,15.5,2
1070,3,0,1,29.8811345124,0,0,7.8292,2
1071,3,1,0,29.8811345124,1,0,15.5,2
1072,3,0,1,29.8811345124,0,0,7.7333,2
1073,3,0,1,29.8811345124,0,0,7.75,2
1074,3,0,1,29.8811345124,0,0,7.75,2
1075,3,0,1,23.0,0,0,9.225,1
1076,3,0,0,29.8811345124,0,0,7.75,2
1077,3,1,0,29.8811345124,0,0,7.75,2
1078,3,1,0,29.8811345124,0,0,7.8792,2
1079,3,1,0,22.0,0,0,7.775,1
1080,3,1,1,29.8811345124,0,0,7.75,2
1081,3,1,0,29.8811345124,0,0,7.8292,2
1082,3,1,1,9.0,0,1,3.1708,1
1083,3,0,1,28.0,0,0,22.525,1
1084,3,0,1,42.0,0,1,8.4042,1
1085,3,0,1,29.8811345124,0,0,7.3125,1
1086,3,0,0,31.0,0,0,7.8542,1
1087,3,0,1,28.0,0,0,7.8542,1
1088,3,1,1,32.0,0,0,7.775,1
1089,3,0,1,20.0,0,0,9.225,1
1090,3,0,0,23.0,0,0,8.6625,1
1091,3,0,0,20.0,0,0,8.6625,1
1092,3,0,1,20.0,0,0,8.6625,1
1093,3,0,1,16.0,0,0,9.2167,1
1094,3,1,0,31.0,0,0,8.6833,1
1095,3,0,0,29.8811345124,0,0,7.6292,2
1096,3,0,1,2.0,3,1,21.075,1
1097,3,0,1,6.0,3,1,21.075,1
1098,3,0,0,3.0,3,1,21.075,1
1099,3,0,0,8.0,3,1,21.075,1
1100,3,0,0,29.0,0,4,21.075,1
1101,3,0,1,1.0,4,1,39.6875,1
1102,3,0,1,7.0,4,1,39.6875,1
1103,3,0,1,2.0,4,1,39.6875,1
1104,3,0,1,16.0,4,1,39.6875,1
1105,3,0,1,14.0,4,1,39.6875,1
1106,3,0,0,41.0,0,5,39.6875,1
1107,3,0,1,21.0,0,0,8.6625,1
1108,3,0,1,19.0,0,0,14.5,1
1109,3,0,1,29.8811345124,0,0,8.7125,0
1110,3,0,1,32.0,0,0,7.8958,1
1111,3,0,1,0.75,1,1,13.775,1
1112,3,0,0,3.0,1,1,13.775,1
1113,3,0,0,26.0,0,2,13.775,1
1114,3,0,1,29.8811345124,0,0,7.0,1
1115,3,0,1,29.8811345124,0,0,7.775,1
1116,3,0,1,29.8811345124,0,0,8.05,1
1117,3,0,1,21.0,0,0,7.925,1
1118,3,0,1,25.0,0,0,7.925,1
1119,3,0,1,22.0,0,0,7.25,1
1120,3,1,1,25.0,1,0,7.775,1
1121,3,1,1,29.8811345124,1,1,22.3583,0
1122,3,1,0,29.8811345124,1,1,22.3583,0
1123,3,1,0,29.8811345124,0,2,22.3583,0
1124,3,0,0,29.8811345124,0,0,8.1375,2
1125,3,0,1,24.0,0,0,8.05,1
1126,3,0,0,28.0,0,0,7.8958,1
1127,3,0,1,19.0,0,0,7.8958,1
1128,3,0,1,29.8811345124,0,0,7.8958,1
1129,3,0,1,25.0,1,0,7.775,1
1130,3,0,0,18.0,0,0,7.775,1
1131,3,1,1,32.0,0,0,8.05,1
1132,3,0,1,29.8811345124,0,0,7.8958,1
1133,3,0,1,17.0,0,0,8.6625,1
1134,3,0,1,24.0,0,0,8.6625,1
1135,3,0,1,29.8811345124,0,0,7.8958,1
1136,3,0,0,29.8811345124,0,0,8.1125,1
1137,3,0,1,29.8811345124,0,0,7.2292,0
1138,3,0,1,29.8811345124,0,0,7.25,1
1139,3,0,1,38.0,0,0,7.8958,1
1140,3,0,1,21.0,0,0,8.05,1
1141,3,0,1,10.0,4,1,29.125,2
1142,3,0,1,4.0,4,1,29.125,2
1143,3,0,1,7.0,4,1,29.125,2
1144,3,0,1,2.0,4,1,29.125,2
1145,3,0,1,8.0,4,1,29.125,2
1146,3,0,0,39.0,0,5,29.125,2
1147,3,0,0,22.0,0,0,39.6875,1
1148,3,0,1,35.0,0,0,7.125,1
1149,3,1,0,29.8811345124,0,0,7.7208,2
1150,3,0,1,29.8811345124,0,0,14.5,1
1151,3,0,0,29.8811345124,0,0,14.5,1
1152,3,0,1,50.0,1,0,14.5,1
1153,3,0,0,47.0,1,0,14.5,1
1154,3,0,1,29.8811345124,0,0,8.05,1
1155,3,0,1,29.8811345124,0,0,7.775,1
1156,3,0,0,2.0,1,1,20.2125,1
1157,3,0,1,18.0,1,1,20.2125,1
1158,3,0,0,41.0,0,2,20.2125,1
1159,3,1,0,29.8811345124,0,0,8.05,1
1160,3,0,1,50.0,0,0,8.05,1
1161,3,0,1,16.0,0,0,8.05,1
1162,3,1,1,29.8811345124,0,0,7.75,2
1163,3,0,1,29.8811345124,0,0,24.15,2
1164,3,0,1,29.8811345124,0,0,7.2292,0
1165,3,0,1,25.0,0,0,7.225,0
1166,3,0,1,29.8811345124,0,0,7.225,0
1167,3,0,1,29.8811345124,0,0,7.7292,2
1168,3,0,1,29.8811345124,0,0,7.575,1
1169,3,0,1,38.5,0,0,7.25,1
1170,3,0,1,29.8811345124,8,2,69.55,1
1171,3,0,1,14.5,8,2,69.55,1
1172,3,0,0,29.8811345124,8,2,69.55,1
1173,3,0,0,29.8811345124,8,2,69.55,1
1174,3,0,0,29.8811345124,8,2,69.55,1
1175,3,0,0,29.8811345124,8,2,69.55,1
1176,3,0,1,29.8811345124,8,2,69.55,1
1177,3,0,1,29.8811345124,8,2,69.55,1
1178,3,0,1,29.8811345124,8,2,69.55,1
1179,3,0,1,29.8811345124,1,9,69.55,1
1180,3,0,0,29.8811345124,1,9,69.55,1
1181,3,0,1,24.0,0,0,9.325,1
1182,3,1,0,21.0,0,0,7.65,1
1183,3,0,1,39.0,0,0,7.925,1
1184,3,0,1,29.8811345124,2,0,21.6792,0
1185,3,0,1,29.8811345124,2,0,21.6792,0
1186,3,0,1,29.8811345124,2,0,21.6792,0
1187,3,1,0,1.0,1,1,16.7,1
1188,3,1,0,24.0,0,2,16.7,1
1189,3,1,0,4.0,1,1,16.7,1
1190,3,1,1,25.0,0,0,9.5,1
1191,3,0,1,20.0,0,0,8.05,1
1192,3,0,1,24.5,0,0,8.05,1
1193,3,0,1,29.8811345124,0,0,7.725,2
1194,3,0,1,29.8811345124,0,0,7.8958,1
1195,3,0,1,29.8811345124,0,0,7.75,2
1196,3,1,1,29.0,0,0,9.5,1
1197,3,0,1,29.8811345124,0,0,15.1,1
1198,3,1,0,29.8811345124,0,0,7.7792,2
1199,3,0,1,29.8811345124,0,0,8.05,1
1200,3,0,1,29.8811345124,0,0,8.05,1
1201,3,0,1,22.0,0,0,7.2292,0
1202,3,0,1,29.8811345124,0,0,8.05,1
1203,3,0,1,40.0,0,0,7.8958,1
1204,3,0,1,21.0,0,0,7.925,1
1205,3,1,0,18.0,0,0,7.4958,1
1206,3,0,1,4.0,3,2,27.9,1
1207,3,0,1,10.0,3,2,27.9,1
1208,3,0,0,9.0,3,2,27.9,1
1209,3,0,0,2.0,3,2,27.9,1
1210,3,0,1,40.0,1,4,27.9,1
1211,3,0,0,45.0,1,4,27.9,1
1212,3,0,1,29.8811345124,0,0,7.8958,1
1213,3,0,1,29.8811345124,0,0,8.05,1
1214,3,0,1,29.8811345124,0,0,8.6625,1
1215,3,0,1,29.8811345124,0,0,7.75,2
1216,3,1,0,29.8811345124,0,0,7.7333,2
1217,3,0,1,19.0,0,0,7.65,1
1218,3,0,1,30.0,0,0,8.05,1
1219,3,0,1,29.8811345124,0,0,8.05,1
1220,3,0,1,32.0,0,0,8.05,1
1221,3,0,1,29.8811345124,0,0,7.8958,1
1222,3,0,1,33.0,0,0,8.6625,0
1223,3,1,0,23.0,0,0,7.55,1
1224,3,0,1,21.0,0,0,8.05,1
1225,3,0,1,60.5,0,0,33.2954792813,1
1226,3,0,1,19.0,0,0,7.8958,1
1227,3,0,0,22.0,0,0,9.8375,1
1228,3,1,1,31.0,0,0,7.925,1
1229,3,0,1,27.0,0,0,8.6625,1
1230,3,0,0,2.0,0,1,10.4625,1
1231,3,0,0,29.0,1,1,10.4625,1
1232,3,1,1,16.0,0,0,8.05,1
1233,3,1,1,44.0,0,0,7.925,1
1234,3,0,1,25.0,0,0,7.05,1
1235,3,0,1,74.0,0,0,7.775,1
1236,3,1,1,14.0,0,0,9.225,1
1237,3,0,1,24.0,0,0,7.7958,1
1238,3,1,1,25.0,0,0,7.7958,1
1239,3,0,1,34.0,0,0,8.05,1
1240,3,1,1,0.4167,0,1,8.5167,0
1241,3,0,1,29.8811345124,1,0,6.4375,0
1242,3,0,1,29.8811345124,0,0,6.4375,0
1243,3,0,1,29.8811345124,0,0,7.225,0
1244,3,1,0,16.0,1,1,8.5167,0
1245,3,0,1,29.8811345124,0,0,8.05,1
1246,3,0,1,29.8811345124,1,0,16.1,1
1247,3,1,0,29.8811345124,1,0,16.1,1
1248,3,0,1,32.0,0,0,7.925,1
1249,3,0,1,29.8811345124,0,0,7.75,2
1250,3,0,1,29.8811345124,0,0,7.8958,1
1251,3,0,1,30.5,0,0,8.05,1
1252,3,0,1,44.0,0,0,8.05,1
1253,3,0,1,29.8811345124,0,0,7.2292,0
1254,3,1,1,25.0,0,0,0.0,1
1255,3,0,1,29.8811345124,0,0,7.2292,0
1256,3,1,1,7.0,1,1,15.2458,0
1257,3,1,0,9.0,1,1,15.2458,0
1258,3,1,0,29.0,0,2,15.2458,0
1259,3,0,1,36.0,0,0,7.8958,1
1260,3,1,0,18.0,0,0,9.8417,1
1261,3,1,0,63.0,0,0,9.5875,1
1262,3,0,1,29.8811345124,1,1,14.5,1
1263,3,0,1,11.5,1,1,14.5,1
1264,3,0,1,40.5,0,2,14.5,1
1265,3,0,0,10.0,0,2,24.15,1
1266,3,0,1,36.0,1,1,24.15,1
1267,3,0,0,30.0,1,1,24.15,1
1268,3,0,1,29.8811345124,0,0,9.5,1
1269,3,0,1,33.0,0,0,9.5,1
1270,3,0,1,28.0,0,0,9.5,1
1271,3,0,1,28.0,0,0,9.5,1
1272,3,0,1,47.0,0,0,9.0,1
1273,3,0,0,18.0,2,0,18.0,1
1274,3,0,1,31.0,3,0,18.0,1
1275,3,0,1,16.0,2,0,18.0,1
1276,3,0,0,31.0,1,0,18.0,1
1277,3,1,1,22.0,0,0,7.225,0
1278,3,0,1,20.0,0,0,7.8542,1
1279,3,0,0,14.0,0,0,7.8542,1
1280,3,0,1,22.0,0,0,7.8958,1
1281,3,0,1,22.0,0,0,9.0,1
1282,3,0,1,29.8811345124,0,0,8.05,1
1283,3,0,1,29.8811345124,0,0,7.55,1
1284,3,0,1,29.8811345124,0,0,8.05,1
1285,3,0,1,32.5,0,0,9.5,1
1286,3,1,0,38.0,0,0,7.2292,0
1287,3,0,1,51.0,0,0,7.75,1
1288,3,0,1,18.0,1,0,6.4958,1
1289,3,0,1,21.0,1,0,6.4958,1
1290,3,1,0,47.0,1,0,7.0,1
1291,3,0,1,29.8811345124,0,0,8.7125,1
1292,3,0,1,29.8811345124,0,0,7.55,1
1293,3,0,1,29.8811345124,0,0,8.05,1
1294,3,0,1,28.5,0,0,16.1,1
1295,3,0,1,21.0,0,0,7.25,1
1296,3,0,1,27.0,0,0,8.6625,1
1297,3,0,1,29.8811345124,0,0,7.25,1
1298,3,0,1,36.0,0,0,9.5,1
1299,3,0,1,27.0,1,0,14.4542,0
1300,3,1,0,15.0,1,0,14.4542,0
1301,3,0,1,45.5,0,0,7.225,0
1302,3,0,1,29.8811345124,0,0,7.225,0
1303,3,0,1,29.8811345124,0,0,14.4583,0
1304,3,0,0,14.5,1,0,14.4542,0
1305,3,0,0,29.8811345124,1,0,14.4542,0
1306,3,0,1,26.5,0,0,7.225,0
1307,3,0,1,27.0,0,0,7.225,0
1308,3,0,1,29.0,0,0,7.875,1
